catalog_key,name,equipment,media_status,license,reviewer,review_evidence
"barbell-bench-press","Barbell Bench Press","Barbell","missing","","",""
"incline-barbell-bench-press","Incline Barbell Bench Press","Barbell","missing","","",""
"decline-barbell-bench-press","Decline Barbell Bench Press","Barbell","missing","","",""
"close-grip-bench-press","Close-Grip Bench Press","Barbell","missing","","",""
"paused-bench-press","Paused Bench Press","Barbell","missing","","",""
"spoto-press","Spoto Press","Barbell","missing","","",""
"barbell-floor-press","Barbell Floor Press","Barbell","missing","","",""
"dumbbell-bench-press","Dumbbell Bench Press","Dumbbell","missing","","",""
"incline-dumbbell-bench-press","Incline Dumbbell Bench Press","Dumbbell","missing","","",""
"decline-dumbbell-bench-press","Decline Dumbbell Bench Press","Dumbbell","missing","","",""
"neutral-grip-dumbbell-bench-press","Neutral-Grip Dumbbell Bench Press","Dumbbell","missing","","",""
"dumbbell-floor-press","Dumbbell Floor Press","Dumbbell","missing","","",""
"single-arm-dumbbell-bench-press","Single-Arm Dumbbell Bench Press","Dumbbell","missing","","",""
"dumbbell-squeeze-press","Dumbbell Squeeze Press","Dumbbell","missing","","",""
"machine-chest-press","Machine Chest Press","Machine","missing","","",""
"incline-machine-chest-press","Incline Machine Chest Press","Machine","missing","","",""
"plate-loaded-chest-press","Plate-Loaded Chest Press","Machine","missing","","",""
"single-arm-machine-chest-press","Single-Arm Machine Chest Press","Machine","missing","","",""
"smith-machine-bench-press","Smith Machine Bench Press","Smith machine","missing","","",""
"smith-machine-incline-press","Smith Machine Incline Press","Smith machine","missing","","",""
"standing-cable-chest-press","Standing Cable Chest Press","Cable","missing","","",""
"single-arm-cable-chest-press","Single-Arm Cable Chest Press","Cable","missing","","",""
"resistance-band-chest-press","Resistance Band Chest Press","Resistance band","missing","","",""
"push-up","Push-Up","Bodyweight","missing","","",""
"incline-push-up","Incline Push-Up","Bench","missing","","",""
"kneeling-push-up","Kneeling Push-Up","Bodyweight","missing","","",""
"decline-push-up","Decline Push-Up","Bench","missing","","",""
"deficit-push-up","Deficit Push-Up","Parallettes","missing","","",""
"close-grip-push-up","Close-Grip Push-Up","Bodyweight","missing","","",""
"weighted-push-up","Weighted Push-Up","Bodyweight","missing","","",""
"suspension-push-up","Suspension Push-Up","Suspension trainer","missing","","",""
"chest-dip","Chest Dip","Dip station","missing","","",""
"assisted-chest-dip","Assisted Chest Dip","Machine","missing","","",""
"dumbbell-fly","Dumbbell Fly","Dumbbell","missing","","",""
"incline-dumbbell-fly","Incline Dumbbell Fly","Dumbbell","missing","","",""
"cable-chest-fly","Cable Chest Fly","Cable","missing","","",""
"low-to-high-cable-fly","Low-to-High Cable Fly","Cable","missing","","",""
"high-to-low-cable-fly","High-to-Low Cable Fly","Cable","missing","","",""
"single-arm-cable-fly","Single-Arm Cable Fly","Cable","missing","","",""
"bench-cable-fly","Bench Cable Fly","Cable","missing","","",""
"pec-deck-fly","Pec Deck Fly","Machine","missing","","",""
"resistance-band-chest-fly","Resistance Band Chest Fly","Resistance band","missing","","",""
"lat-pulldown","Lat Pulldown","Cable","missing","","",""
"neutral-grip-lat-pulldown","Neutral-Grip Lat Pulldown","Cable","missing","","",""
"close-grip-lat-pulldown","Close-Grip Lat Pulldown","Cable","missing","","",""
"underhand-lat-pulldown","Underhand Lat Pulldown","Cable","missing","","",""
"single-arm-lat-pulldown","Single-Arm Lat Pulldown","Cable","missing","","",""
"half-kneeling-cable-pulldown","Half-Kneeling Cable Pulldown","Cable","missing","","",""
"machine-lat-pulldown","Machine Lat Pulldown","Machine","missing","","",""
"pull-up","Pull-Up","Pull-up bar","missing","","",""
"chin-up","Chin-Up","Pull-up bar","missing","","",""
"neutral-grip-pull-up","Neutral-Grip Pull-Up","Pull-up bar","missing","","",""
"assisted-pull-up","Assisted Pull-Up","Machine","missing","","",""
"assisted-chin-up","Assisted Chin-Up","Machine","missing","","",""
"band-assisted-pull-up","Band-Assisted Pull-Up","Pull-up bar","missing","","",""
"weighted-pull-up","Weighted Pull-Up","Pull-up bar","missing","","",""
"weighted-chin-up","Weighted Chin-Up","Pull-up bar","missing","","",""
"scapular-pull-up","Scapular Pull-Up","Pull-up bar","missing","","",""
"barbell-bent-over-row","Barbell Bent-Over Row","Barbell","missing","","",""
"underhand-barbell-row","Underhand Barbell Row","Barbell","missing","","",""
"pendlay-row","Pendlay Row","Barbell","missing","","",""
"seal-row","Seal Row","Barbell","missing","","",""
"t-bar-row","T-Bar Row","Landmine","missing","","",""
"meadows-row","Meadows Row","Landmine","missing","","",""
"single-arm-dumbbell-row","Single-Arm Dumbbell Row","Dumbbell","missing","","",""
"dumbbell-bent-over-row","Dumbbell Bent-Over Row","Dumbbell","missing","","",""
"chest-supported-dumbbell-row","Chest-Supported Dumbbell Row","Dumbbell","missing","","",""
"dumbbell-seal-row","Dumbbell Seal Row","Dumbbell","missing","","",""
"seated-cable-row","Seated Cable Row","Cable","missing","","",""
"wide-grip-cable-row","Wide-Grip Cable Row","Cable","missing","","",""
"single-arm-cable-row","Single-Arm Cable Row","Cable","missing","","",""
"standing-cable-row","Standing Cable Row","Cable","missing","","",""
"half-kneeling-cable-row","Half-Kneeling Cable Row","Cable","missing","","",""
"chest-supported-machine-row","Chest-Supported Machine Row","Machine","missing","","",""
"plate-loaded-high-row","Plate-Loaded High Row","Machine","missing","","",""
"single-arm-machine-row","Single-Arm Machine Row","Machine","missing","","",""
"smith-machine-bent-over-row","Smith Machine Bent-Over Row","Smith machine","missing","","",""
"resistance-band-row","Resistance Band Row","Resistance band","missing","","",""
"inverted-row","Inverted Row","Smith machine","missing","","",""
"suspension-row","Suspension Row","Suspension trainer","missing","","",""
"kettlebell-row","Kettlebell Row","Kettlebell","missing","","",""
"straight-arm-cable-pulldown","Straight-Arm Cable Pulldown","Cable","missing","","",""
"rope-straight-arm-pulldown","Rope Straight-Arm Pulldown","Cable","missing","","",""
"single-arm-cable-pullover","Single-Arm Cable Pullover","Cable","missing","","",""
"dumbbell-pullover","Dumbbell Pullover","Dumbbell","missing","","",""
"machine-pullover","Machine Pullover","Machine","missing","","",""
"resistance-band-pulldown","Resistance Band Pulldown","Resistance band","missing","","",""
"barbell-overhead-press","Barbell Overhead Press","Barbell","missing","","",""
"seated-barbell-shoulder-press","Seated Barbell Shoulder Press","Barbell","missing","","",""
"dumbbell-shoulder-press","Dumbbell Shoulder Press","Dumbbell","missing","","",""
"standing-dumbbell-press","Standing Dumbbell Press","Dumbbell","missing","","",""
"arnold-press","Arnold Press","Dumbbell","missing","","",""
"neutral-grip-dumbbell-shoulder-press","Neutral-Grip Dumbbell Shoulder Press","Dumbbell","missing","","",""
"single-arm-dumbbell-overhead-press","Single-Arm Dumbbell Overhead Press","Dumbbell","missing","","",""
"machine-shoulder-press","Machine Shoulder Press","Machine","missing","","",""
"smith-machine-shoulder-press","Smith Machine Shoulder Press","Smith machine","missing","","",""
"single-arm-landmine-press","Single-Arm Landmine Press","Landmine","missing","","",""
"half-kneeling-landmine-press","Half-Kneeling Landmine Press","Landmine","missing","","",""
"kettlebell-strict-press","Kettlebell Strict Press","Kettlebell","missing","","",""
"resistance-band-overhead-press","Resistance Band Overhead Press","Resistance band","missing","","",""
"pike-push-up","Pike Push-Up","Bodyweight","missing","","",""
"wall-handstand-push-up","Wall Handstand Push-Up","Bodyweight","missing","","",""
"dumbbell-lateral-raise","Dumbbell Lateral Raise","Dumbbell","missing","","",""
"seated-dumbbell-lateral-raise","Seated Dumbbell Lateral Raise","Dumbbell","missing","","",""
"single-arm-cable-lateral-raise","Single-Arm Cable Lateral Raise","Cable","missing","","",""
"behind-the-body-cable-lateral-raise","Behind-the-Body Cable Lateral Raise","Cable","missing","","",""
"leaning-cable-lateral-raise","Leaning Cable Lateral Raise","Cable","missing","","",""
"machine-lateral-raise","Machine Lateral Raise","Machine","missing","","",""
"resistance-band-lateral-raise","Resistance Band Lateral Raise","Resistance band","missing","","",""
"dumbbell-front-raise","Dumbbell Front Raise","Dumbbell","missing","","",""
"cable-front-raise","Cable Front Raise","Cable","missing","","",""
"plate-front-raise","Plate Front Raise","Weight plate","missing","","",""
"resistance-band-front-raise","Resistance Band Front Raise","Resistance band","missing","","",""
"dumbbell-reverse-fly","Dumbbell Reverse Fly","Dumbbell","missing","","",""
"chest-supported-reverse-fly","Chest-Supported Reverse Fly","Dumbbell","missing","","",""
"reverse-pec-deck","Reverse Pec Deck","Machine","missing","","",""
"cable-reverse-fly","Cable Reverse Fly","Cable","missing","","",""
"single-arm-cable-rear-delt-fly","Single-Arm Cable Rear Delt Fly","Cable","missing","","",""
"resistance-band-pull-apart","Resistance Band Pull-Apart","Resistance band","missing","","",""
"cable-face-pull","Cable Face Pull","Cable","missing","","",""
"resistance-band-face-pull","Resistance Band Face Pull","Resistance band","missing","","",""
"barbell-shrug","Barbell Shrug","Barbell","missing","","",""
"dumbbell-shrug","Dumbbell Shrug","Dumbbell","missing","","",""
"trap-bar-shrug","Trap Bar Shrug","Trap bar","missing","","",""
"smith-machine-shrug","Smith Machine Shrug","Smith machine","missing","","",""
"cable-shrug","Cable Shrug","Cable","missing","","",""
"machine-shrug","Machine Shrug","Machine","missing","","",""
"cable-external-rotation","Cable External Rotation","Cable","missing","","",""
"band-external-rotation","Band External Rotation","Resistance band","missing","","",""
"side-lying-dumbbell-external-rotation","Side-Lying Dumbbell External Rotation","Dumbbell","missing","","",""
"cable-internal-rotation","Cable Internal Rotation","Cable","missing","","",""
"band-internal-rotation","Band Internal Rotation","Resistance band","missing","","",""
"barbell-curl","Barbell Curl","Barbell","missing","","",""
"ez-bar-curl","EZ-Bar Curl","EZ bar","missing","","",""
"dumbbell-curl","Dumbbell Curl","Dumbbell","missing","","",""
"alternating-dumbbell-curl","Alternating Dumbbell Curl","Dumbbell","missing","","",""
"seated-dumbbell-curl","Seated Dumbbell Curl","Dumbbell","missing","","",""
"incline-dumbbell-curl","Incline Dumbbell Curl","Dumbbell","missing","","",""
"hammer-curl","Hammer Curl","Dumbbell","missing","","",""
"cross-body-hammer-curl","Cross-Body Hammer Curl","Dumbbell","missing","","",""
"concentration-curl","Concentration Curl","Dumbbell","missing","","",""
"dumbbell-preacher-curl","Dumbbell Preacher Curl","Dumbbell","missing","","",""
"ez-bar-preacher-curl","EZ-Bar Preacher Curl","EZ bar","missing","","",""
"machine-preacher-curl","Machine Preacher Curl","Machine","missing","","",""
"cable-curl","Cable Curl","Cable","missing","","",""
"rope-hammer-curl","Rope Hammer Curl","Cable","missing","","",""
"single-arm-cable-curl","Single-Arm Cable Curl","Cable","missing","","",""
"bayesian-cable-curl","Bayesian Cable Curl","Cable","missing","","",""
"high-cable-curl","High Cable Curl","Cable","missing","","",""
"spider-curl","Spider Curl","Dumbbell","missing","","",""
"ez-bar-spider-curl","EZ-Bar Spider Curl","EZ bar","missing","","",""
"zottman-curl","Zottman Curl","Dumbbell","missing","","",""
"reverse-barbell-curl","Reverse Barbell Curl","Barbell","missing","","",""
"reverse-ez-bar-curl","Reverse EZ-Bar Curl","EZ bar","missing","","",""
"reverse-cable-curl","Reverse Cable Curl","Cable","missing","","",""
"resistance-band-curl","Resistance Band Curl","Resistance band","missing","","",""
"cable-triceps-pushdown","Cable Triceps Pushdown","Cable","missing","","",""
"rope-triceps-pushdown","Rope Triceps Pushdown","Cable","missing","","",""
"v-bar-triceps-pushdown","V-Bar Triceps Pushdown","Cable","missing","","",""
"reverse-grip-triceps-pushdown","Reverse-Grip Triceps Pushdown","Cable","missing","","",""
"single-arm-cable-pushdown","Single-Arm Cable Pushdown","Cable","missing","","",""
"overhead-cable-triceps-extension","Overhead Cable Triceps Extension","Cable","missing","","",""
"single-arm-overhead-cable-extension","Single-Arm Overhead Cable Extension","Cable","missing","","",""
"cross-body-cable-triceps-extension","Cross-Body Cable Triceps Extension","Cable","missing","","",""
"dumbbell-overhead-triceps-extension","Dumbbell Overhead Triceps Extension","Dumbbell","missing","","",""
"single-arm-dumbbell-triceps-extension","Single-Arm Dumbbell Triceps Extension","Dumbbell","missing","","",""
"dumbbell-skull-crusher","Dumbbell Skull Crusher","Dumbbell","missing","","",""
"ez-bar-skull-crusher","EZ-Bar Skull Crusher","EZ bar","missing","","",""
"dumbbell-triceps-kickback","Dumbbell Triceps Kickback","Dumbbell","missing","","",""
"cable-triceps-kickback","Cable Triceps Kickback","Cable","missing","","",""
"machine-triceps-extension","Machine Triceps Extension","Machine","missing","","",""
"resistance-band-triceps-pushdown","Resistance Band Triceps Pushdown","Resistance band","missing","","",""
"resistance-band-overhead-triceps-extension","Resistance Band Overhead Triceps Extension","Resistance band","missing","","",""
"dumbbell-wrist-curl","Dumbbell Wrist Curl","Dumbbell","missing","","",""
"barbell-wrist-curl","Barbell Wrist Curl","Barbell","missing","","",""
"dumbbell-reverse-wrist-curl","Dumbbell Reverse Wrist Curl","Dumbbell","missing","","",""
"barbell-reverse-wrist-curl","Barbell Reverse Wrist Curl","Barbell","missing","","",""
"cable-wrist-curl","Cable Wrist Curl","Cable","missing","","",""
"dumbbell-forearm-pronation","Dumbbell Forearm Pronation","Dumbbell","missing","","",""
"dumbbell-forearm-supination","Dumbbell Forearm Supination","Dumbbell","missing","","",""
"hand-gripper-close","Hand Gripper Close","Hand gripper","missing","","",""
"barbell-back-squat","Barbell Back Squat","Barbell","missing","","",""
"high-bar-back-squat","High-Bar Back Squat","Barbell","missing","","",""
"low-bar-back-squat","Low-Bar Back Squat","Barbell","missing","","",""
"barbell-front-squat","Barbell Front Squat","Barbell","missing","","",""
"paused-back-squat","Paused Back Squat","Barbell","missing","","",""
"box-squat","Box Squat","Barbell","missing","","",""
"safety-bar-squat","Safety Bar Squat","Safety bar","missing","","",""
"zercher-squat","Zercher Squat","Barbell","missing","","",""
"goblet-squat","Goblet Squat","Dumbbell","missing","","",""
"kettlebell-goblet-squat","Kettlebell Goblet Squat","Kettlebell","missing","","",""
"double-kettlebell-front-squat","Double Kettlebell Front Squat","Kettlebell","missing","","",""
"dumbbell-front-squat","Dumbbell Front Squat","Dumbbell","missing","","",""
"heel-elevated-goblet-squat","Heel-Elevated Goblet Squat","Dumbbell","missing","","",""
"bodyweight-squat","Bodyweight Squat","Bodyweight","missing","","",""
"squat-to-bench","Squat to Bench","Bench","missing","","",""
"smith-machine-squat","Smith Machine Squat","Smith machine","missing","","",""
"smith-machine-front-squat","Smith Machine Front Squat","Smith machine","missing","","",""
"hack-squat","Hack Squat","Machine","missing","","",""
"pendulum-squat","Pendulum Squat","Machine","missing","","",""
"belt-squat","Belt Squat","Machine","missing","","",""
"landmine-squat","Landmine Squat","Landmine","missing","","",""
"assisted-single-leg-squat","Assisted Single-Leg Squat","Suspension trainer","missing","","",""
"pistol-squat","Pistol Squat","Bodyweight","missing","","",""
"leg-press","Leg Press","Machine","missing","","",""
"horizontal-leg-press","Horizontal Leg Press","Machine","missing","","",""
"single-leg-press","Single-Leg Press","Machine","missing","","",""
"wide-stance-leg-press","Wide-Stance Leg Press","Machine","missing","","",""
"leg-extension","Leg Extension","Machine","missing","","",""
"single-leg-extension","Single-Leg Extension","Machine","missing","","",""
"resistance-band-leg-extension","Resistance Band Leg Extension","Resistance band","missing","","",""
"reverse-nordic-curl","Reverse Nordic Curl","Bodyweight","missing","","",""
"dumbbell-split-squat","Dumbbell Split Squat","Dumbbell","missing","","",""
"bodyweight-split-squat","Bodyweight Split Squat","Bodyweight","missing","","",""
"barbell-split-squat","Barbell Split Squat","Barbell","missing","","",""
"bulgarian-split-squat","Bulgarian Split Squat","Dumbbell","missing","","",""
"bodyweight-bulgarian-split-squat","Bodyweight Bulgarian Split Squat","Bench","missing","","",""
"smith-machine-split-squat","Smith Machine Split Squat","Smith machine","missing","","",""
"dumbbell-reverse-lunge","Dumbbell Reverse Lunge","Dumbbell","missing","","",""
"bodyweight-reverse-lunge","Bodyweight Reverse Lunge","Bodyweight","missing","","",""
"barbell-reverse-lunge","Barbell Reverse Lunge","Barbell","missing","","",""
"dumbbell-forward-lunge","Dumbbell Forward Lunge","Dumbbell","missing","","",""
"walking-dumbbell-lunge","Walking Dumbbell Lunge","Dumbbell","missing","","",""
"barbell-walking-lunge","Barbell Walking Lunge","Barbell","missing","","",""
"dumbbell-lateral-lunge","Dumbbell Lateral Lunge","Dumbbell","missing","","",""
"bodyweight-lateral-lunge","Bodyweight Lateral Lunge","Bodyweight","missing","","",""
"cossack-squat","Cossack Squat","Bodyweight","missing","","",""
"dumbbell-step-up","Dumbbell Step-Up","Dumbbell","missing","","",""
"bodyweight-step-up","Bodyweight Step-Up","Plyo box","missing","","",""
"barbell-step-up","Barbell Step-Up","Barbell","missing","","",""
"lateral-step-up","Lateral Step-Up","Plyo box","missing","","",""
"lateral-step-down","Lateral Step-Down","Plyo box","missing","","",""
"landmine-reverse-lunge","Landmine Reverse Lunge","Landmine","missing","","",""
"barbell-deadlift","Barbell Deadlift","Barbell","missing","","",""
"sumo-deadlift","Sumo Deadlift","Barbell","missing","","",""
"romanian-deadlift","Romanian Deadlift","Barbell","missing","","",""
"dumbbell-romanian-deadlift","Dumbbell Romanian Deadlift","Dumbbell","missing","","",""
"single-leg-dumbbell-romanian-deadlift","Single-Leg Dumbbell Romanian Deadlift","Dumbbell","missing","","",""
"supported-single-leg-romanian-deadlift","Supported Single-Leg Romanian Deadlift","Dumbbell","missing","","",""
"b-stance-romanian-deadlift","B-Stance Romanian Deadlift","Dumbbell","missing","","",""
"kettlebell-romanian-deadlift","Kettlebell Romanian Deadlift","Kettlebell","missing","","",""
"kettlebell-deadlift","Kettlebell Deadlift","Kettlebell","missing","","",""
"trap-bar-deadlift","Trap Bar Deadlift","Trap bar","missing","","",""
"trap-bar-romanian-deadlift","Trap Bar Romanian Deadlift","Trap bar","missing","","",""
"rack-pull","Rack Pull","Barbell","missing","","",""
"deficit-deadlift","Deficit Deadlift","Barbell","missing","","",""
"paused-deadlift","Paused Deadlift","Barbell","missing","","",""
"snatch-grip-deadlift","Snatch-Grip Deadlift","Barbell","missing","","",""
"barbell-good-morning","Barbell Good Morning","Barbell","missing","","",""
"smith-machine-romanian-deadlift","Smith Machine Romanian Deadlift","Smith machine","missing","","",""
"cable-pull-through","Cable Pull-Through","Cable","missing","","",""
"resistance-band-good-morning","Resistance Band Good Morning","Resistance band","missing","","",""
"seated-leg-curl","Seated Leg Curl","Machine","missing","","",""
"lying-leg-curl","Lying Leg Curl","Machine","missing","","",""
"standing-leg-curl","Standing Leg Curl","Machine","missing","","",""
"single-leg-seated-curl","Single-Leg Seated Curl","Machine","missing","","",""
"single-leg-lying-curl","Single-Leg Lying Curl","Machine","missing","","",""
"cable-leg-curl","Cable Leg Curl","Cable","missing","","",""
"resistance-band-leg-curl","Resistance Band Leg Curl","Resistance band","missing","","",""
"stability-ball-leg-curl","Stability Ball Leg Curl","Stability ball","missing","","",""
"slider-leg-curl","Slider Leg Curl","Sliders","missing","","",""
"nordic-hamstring-curl","Nordic Hamstring Curl","Nordic bench","missing","","",""
"glute-ham-raise","Glute-Ham Raise","GHD","missing","","",""
"barbell-hip-thrust","Barbell Hip Thrust","Barbell","missing","","",""
"dumbbell-hip-thrust","Dumbbell Hip Thrust","Dumbbell","missing","","",""
"smith-machine-hip-thrust","Smith Machine Hip Thrust","Smith machine","missing","","",""
"machine-hip-thrust","Machine Hip Thrust","Machine","missing","","",""
"single-leg-hip-thrust","Single-Leg Hip Thrust","Bench","missing","","",""
"glute-bridge","Glute Bridge","Bodyweight","missing","","",""
"barbell-glute-bridge","Barbell Glute Bridge","Barbell","missing","","",""
"dumbbell-glute-bridge","Dumbbell Glute Bridge","Dumbbell","missing","","",""
"single-leg-glute-bridge","Single-Leg Glute Bridge","Bodyweight","missing","","",""
"frog-pump","Frog Pump","Bodyweight","missing","","",""
"cable-glute-kickback","Cable Glute Kickback","Cable","missing","","",""
"machine-glute-kickback","Machine Glute Kickback","Machine","missing","","",""
"resistance-band-glute-kickback","Resistance Band Glute Kickback","Resistance band","missing","","",""
"quadruped-hip-extension","Quadruped Hip Extension","Bodyweight","missing","","",""
"seated-hip-abduction","Seated Hip Abduction","Machine","missing","","",""
"standing-cable-hip-abduction","Standing Cable Hip Abduction","Cable","missing","","",""
"side-lying-hip-abduction","Side-Lying Hip Abduction","Bodyweight","missing","","",""
"band-clamshell","Band Clamshell","Resistance band","missing","","",""
"lateral-band-walk","Lateral Band Walk","Resistance band","missing","","",""
"seated-hip-adduction","Seated Hip Adduction","Machine","missing","","",""
"standing-cable-hip-adduction","Standing Cable Hip Adduction","Cable","missing","","",""
"side-lying-hip-adduction","Side-Lying Hip Adduction","Bodyweight","missing","","",""
"standing-calf-raise","Standing Calf Raise","Machine","missing","","",""
"seated-calf-raise","Seated Calf Raise","Machine","missing","","",""
"leg-press-calf-raise","Leg Press Calf Raise","Machine","missing","","",""
"smith-machine-calf-raise","Smith Machine Calf Raise","Smith machine","missing","","",""
"dumbbell-standing-calf-raise","Dumbbell Standing Calf Raise","Dumbbell","missing","","",""
"single-leg-calf-raise","Single-Leg Calf Raise","Bodyweight","missing","","",""
"bodyweight-calf-raise","Bodyweight Calf Raise","Bodyweight","missing","","",""
"dumbbell-seated-calf-raise","Dumbbell Seated Calf Raise","Dumbbell","missing","","",""
"donkey-calf-raise","Donkey Calf Raise","Machine","missing","","",""
"wall-tibialis-raise","Wall Tibialis Raise","Bodyweight","missing","","",""
"machine-tibialis-raise","Machine Tibialis Raise","Machine","missing","","",""
"band-ankle-dorsiflexion","Band Ankle Dorsiflexion","Resistance band","missing","","",""
"45-degree-back-extension","45-Degree Back Extension","Roman chair","missing","","",""
"weighted-back-extension","Weighted Back Extension","Roman chair","missing","","",""
"machine-back-extension","Machine Back Extension","Machine","missing","","",""
"reverse-hyperextension","Reverse Hyperextension","Reverse hyper machine","missing","","",""
"crunch","Crunch","Bodyweight","missing","","",""
"cable-crunch","Cable Crunch","Cable","missing","","",""
"machine-abdominal-crunch","Machine Abdominal Crunch","Machine","missing","","",""
"stability-ball-crunch","Stability Ball Crunch","Stability ball","missing","","",""
"reverse-crunch","Reverse Crunch","Bodyweight","missing","","",""
"decline-crunch","Decline Crunch","Decline bench","missing","","",""
"weighted-crunch","Weighted Crunch","Weight plate","missing","","",""
"hanging-knee-raise","Hanging Knee Raise","Pull-up bar","missing","","",""
"captain-s-chair-knee-raise","Captain's Chair Knee Raise","Dip station","missing","","",""
"hanging-leg-raise","Hanging Leg Raise","Pull-up bar","missing","","",""
"lying-leg-raise","Lying Leg Raise","Bodyweight","missing","","",""
"dead-bug","Dead Bug","Bodyweight","missing","","",""
"bird-dog","Bird Dog","Bodyweight","missing","","",""
"ab-wheel-rollout","Ab Wheel Rollout","Ab wheel","missing","","",""
"stability-ball-rollout","Stability Ball Rollout","Stability ball","missing","","",""
"body-saw","Body Saw","Sliders","missing","","",""
"plank-shoulder-tap","Plank Shoulder Tap","Bodyweight","missing","","",""
"cable-pallof-press","Cable Pallof Press","Cable","missing","","",""
"band-pallof-press","Band Pallof Press","Resistance band","missing","","",""
"cable-woodchop","Cable Woodchop","Cable","missing","","",""
"low-to-high-cable-lift","Low-to-High Cable Lift","Cable","missing","","",""
"half-kneeling-cable-chop","Half-Kneeling Cable Chop","Cable","missing","","",""
"half-kneeling-cable-lift","Half-Kneeling Cable Lift","Cable","missing","","",""
"dumbbell-side-bend","Dumbbell Side Bend","Dumbbell","missing","","",""
"side-plank-hip-lift","Side Plank Hip Lift","Bodyweight","missing","","",""
"clean-pull","Clean Pull","Barbell","missing","","",""
"hang-clean-pull","Hang Clean Pull","Barbell","missing","","",""
"clean-high-pull","Clean High Pull","Barbell","missing","","",""
"snatch-pull","Snatch Pull","Barbell","missing","","",""
"hang-snatch-pull","Hang Snatch Pull","Barbell","missing","","",""
"jump-shrug","Jump Shrug","Barbell","missing","","",""
"kettlebell-swing","Kettlebell Swing","Kettlebell","missing","","",""
"single-arm-kettlebell-swing","Single-Arm Kettlebell Swing","Kettlebell","missing","","",""
"power-clean","Power Clean","Barbell","missing","","",""
"hang-power-clean","Hang Power Clean","Barbell","missing","","",""
"hang-clean","Hang Clean","Barbell","missing","","",""
"clean","Clean","Barbell","missing","","",""
"power-snatch","Power Snatch","Barbell","missing","","",""
"hang-power-snatch","Hang Power Snatch","Barbell","missing","","",""
"snatch","Snatch","Barbell","missing","","",""
"dumbbell-power-snatch","Dumbbell Power Snatch","Dumbbell","missing","","",""
"kettlebell-clean","Kettlebell Clean","Kettlebell","missing","","",""
"kettlebell-snatch","Kettlebell Snatch","Kettlebell","missing","","",""
"barbell-push-press","Barbell Push Press","Barbell","missing","","",""
"dumbbell-push-press","Dumbbell Push Press","Dumbbell","missing","","",""
"push-jerk","Push Jerk","Barbell","missing","","",""
"split-jerk","Split Jerk","Barbell","missing","","",""
"landmine-push-press","Landmine Push Press","Landmine","missing","","",""
"box-jump","Box Jump","Plyo box","missing","","",""
"countermovement-jump","Countermovement Jump","Bodyweight","missing","","",""
"squat-jump","Squat Jump","Bodyweight","missing","","",""
"broad-jump","Broad Jump","Bodyweight","missing","","",""
"lateral-bound","Lateral Bound","Bodyweight","missing","","",""
"split-squat-jump","Split Squat Jump","Bodyweight","missing","","",""
"pogo-jump","Pogo Jump","Bodyweight","missing","","",""
"single-leg-hop","Single-Leg Hop","Bodyweight","missing","","",""
"depth-drop","Depth Drop","Plyo box","missing","","",""
"depth-jump","Depth Jump","Plyo box","missing","","",""
"medicine-ball-rotational-throw","Medicine Ball Rotational Throw","Medicine ball","missing","","",""
"medicine-ball-scoop-toss","Medicine Ball Scoop Toss","Medicine ball","missing","","",""
"medicine-ball-overhead-slam","Medicine Ball Overhead Slam","Slam ball","missing","","",""
"medicine-ball-overhead-throw","Medicine Ball Overhead Throw","Medicine ball","missing","","",""
"medicine-ball-chest-pass","Medicine Ball Chest Pass","Medicine ball","missing","","",""
"plyometric-push-up","Plyometric Push-Up","Bodyweight","missing","","",""
